{
    "AFG": 1.22416,
    "ARM": 0.53753,
    "AZE": 7.43619,
    "BDI": 5.00859,
    "BEN": 5.45359,
    "BFA": 11.88674,
    "BGD": 0.01724,
    "BIH": 0.0,
    "BLR": 2.86426,
    "BLZ": 12.05182,
    "BOL": 8.78064,
    "BTN": 1.59162,
    "CAF": 1.99289,
    "CIV": 11.83299,
    "CMR": 0.63359,
    "COM": 1.63284,
    "CPV": 3.8084,
    "CRI": 0.69784,
    "CUB": 0.63911,
    "DMA": 0.0,
    "ECU": 0.35583,
    "EGY": 0.25348,
    "ERI": 0.88424,
    "ETH": 0.00186,
    "FSM": 0.0,
    "GAB": 2.2133,
    "GHA": 9.12579,
    "GIN": 3.52485,
    "GMB": 1.67632,
    "GNB": 32.97629,
    "GRD": 4.72157,
    "GTM": 0.49779,
    "GUY": 14.75714,
    "HND": 0.7286,
    "HTI": 0.29077,
    "IDN": 3.42104,
    "KEN": 5.98597,
    "KHM": 6.55427,
    "KIR": 140.69232,
    "LAO": 12.95473,
    "LBN": 0.06222,
    "LBR": 1.04796,
    "LBY": 1.67701,
    "MDA": 10.09405,
    "MDG": 0.27481,
    "MDV": 35.93963,
    "MHL": 98.79546,
    "MKD": 1.70846,
    "MLI": 5.70527,
    "MMR": 0.95383,
    "MNE": 2.89676,
    "MNG": 16.34336,
    "MRT": 3.80474,
    "MUS": 0.16072,
    "MWI": 2.30404,
    "NAM": 2.30103,
    "NER": 4.9688,
    "NIC": 2.59848,
    "NPL": 0.72309,
    "PAK": 0.82792,
    "PAN": 10.04097,
    "PNG": 9.24704,
    "KOR": 3.91236,
    "PRY": 1.73471,
    "ROU": 0.05991,
    "SDN": 3.68241,
    "SEN": 0.53774,
    "SLE": 1.21469,
    "SLV": 0.04732,
    "SRB": 1.66132,
    "STP": 2.07261,
    "SUR": 1.1126,
    "SWZ": 0.64025,
    "TCD": 0.0,
    "TGO": 10.94326,
    "TJK": 10.23413,
    "TON": 13.29244,
    "TUR": 0.27091,
    "TUV": 0.18122,
    "UGA": 3.91709,
    "VCT": 0.9143,
    "VUT": 15.42947,
    "ASM": 1.57586,
    "YEM": 4.74856,
    "ZAF": 0.5476,
    "ZMB": 8.32953,
    "ZWE": 9.40659
}